id,title,description,availability,condition,price,link,image_link,brand,additional_image_link,item_group_id,google_product_category,fb_product_category,product_type,sale_price
"SKU-020-1PCS","777 Sony Dish Wash Soap - Pack: 1Pcs","""Tough on Grease, Gentle on Hands — Unrivaled Kitchen Cleaning Power"" Master your kitchen cleanup with 777 Sony Dish Wash Soap by M. Essa Chemicals. Engineered with an ultra-concentrated grease-cutting formulation, this premium dishwashing bar slices through dried-on food particles, heavy cooking oils, and stubborn burnt marks instantly. It sheets water away cleanly to prevent unsightly water spots on your premium cutlery.","in stock","new","20.00 PKR","http://localhost:3001/products/777-sony-dish-wash-soap","http://localhost:3000/uploads/products/451ccb4f-99dc-408c-bd90-f5d75263afdf.jpeg","M. Essa Chemicals","http://localhost:3000/uploads/products/b1b1d873-2877-43b9-ad15-34a28ec2ca0a.jpeg","SKU-020","","","",""
"SKU-011-1-5LTR","Bleach Strong - Weight: 1.5Ltr","""Bleach Strong: Your Ultimate Clean. 99.9% Germ-Free & Powerful Stain Removal."" Your ultimate clean! Kills 99.9% of germs and provides powerful stain removal for immaculate whites and pristine, disinfected surfaces.Whether it's restoring the brilliant shine of your white fabrics or maintaining a perfectly disinfected home, M. Essa Chemicals Bleach Strong delivers industrial-grade performance. This advanced formulation targets and breaks down the toughest organic stains, bringing back original fabric brightness while remaining completely fabric-safe.","in stock","new","80.00 PKR","http://localhost:3001/products/bleach-cleaner","http://localhost:3000/uploads/products/de9655a5-c074-41b3-a932-01cb5f1ed10e.jpeg","M. Essa Chemicals","http://localhost:3000/uploads/products/b93b7fd3-0a20-4365-8a31-7743c041be78.jpeg","SKU-011","","","",""
"SKU-016-2LTR","Clean360 Bleach Exra Strong - Weight: 2Ltr","""Redefining Cleanliness: The Bleach Stronghold — Extra Strong Liquid for Natural Freshness & Sanitation."" Achieve the ultimate standard of heavy-duty deep purification with Clean 360 Bleach Extra Strong by M. Essa Chemicals. This commercial-grade, multi-purpose liquid bleach delivers intense stain elimination and multi-surface purification. It effortlessly restores stained fabrics while working as a high-potency sanitizer for non-porous bathroom floors, kitchen countertops, and drainage pipes.","in stock","new","180.00 PKR","http://localhost:3001/products/clean360-bleach-exra-strong","http://localhost:3000/uploads/products/8e8d394e-aab0-4c74-8390-41ea4845f784.jpeg","M. Essa Chemicals","http://localhost:3000/uploads/products/8c42fb20-dea6-43ee-a657-a107d153a0a7.jpeg","SKU-016","","","",""
"SKU-018-1-5LTR","Dish Wash Liquid - Weight: 1.5Ltr","""Redefining Kitchen Hygiene: Unmatched Grease Power. Gentle On Skin."" Upgrade your daily kitchen sanitation with the M. Essa Dish Wash Liquid Collection. Formulated to streamline washing routines, this highly concentrated fluid attacks thick fat deposits, oily cooking glazes, and dried residues immediately upon contact. Its quick-rinsing chemical structure prevents soapy residues from binding to your high-end cutlery, guaranteeing sparkling finishes.","in stock","new","79.98 PKR","http://localhost:3001/products/dish-wash-liquid","http://localhost:3000/uploads/products/2f73209e-0c72-4a77-ade9-8f2bbf5fa46a.jpeg","M. Essa Chemicals","http://localhost:3000/uploads/products/27fd70c6-7bb4-4988-9add-db66559a77a7.jpeg","SKU-018","","","",""
"SKU-021-1PCS","Dish Wash Scourer - Pack: 1Pcs","""Industrial Strength Scouring Power — Rust-Resistant & Heavy Duty"" Conquer the absolute toughest scrubbing challenges with the M. Essa Chemicals Heavy Duty Steel Scourer. Woven securely from premium-grade, rust-resistant stainless steel mesh strands, this high-performance scrub pad removes char, heavy carbon crusts, and baked-on grease residues from cast iron, ovens, and grills with minimal effort.","in stock","new","50.00 PKR","http://localhost:3001/products/dish-wash-scourer","http://localhost:3000/uploads/products/3e6b240a-52d2-4dfd-88b7-67de8376d54b.jpeg","M. Essa Chemicals","http://localhost:3000/uploads/products/77ecf402-9549-4c21-9695-e028c8d6b830.jpeg","SKU-021","","","",""
"SKU-001-1PCS","Euro Beauty Soap - Pack: 1Pcs","""Euro Fruity Soap — Burst of Natural Orange Freshness"" Experience an instant burst of citrus rejuvenation with Euro Fruity Soap. Enriched with premium natural orange extracts, this refreshing formula washes away impurities while charging your skin with vital antioxidants. Its vibrant, natural fragrance combats dullness and odor, leaving you feeling active, crisp, and clean after every shower.","in stock","new","110.00 PKR","http://localhost:3001/products/test-product","http://localhost:3000/uploads/products/1e8bdd31-f201-49d6-8110-1dd5bbd8238b.jpeg","M. Essa Chemicals","http://localhost:3000/uploads/products/fc8277ee-03f9-4d60-bb78-bc52f9ed2648.jpeg","SKU-001","","","",""
"SKU-007-1PCS","Fatty Brown Washing Soap - Pack: 1Pcs","""Powerful Brightness For Fabrics — Feel the Fatty Difference!"" Experience industrial-grade fabric stain extraction with Fatty Brown Laundry Soap by M. Essa Chemicals. Engineered with an advanced stain-lifting matrix, this heavy-duty laundry bar cuts deeply into thick collars, cuffs, grease marks, and embedded dirt without degrading the core fabric fibers. Its long-lasting formula ensures maximum usability, providing excellent economy for everyday household laundry.","in stock","new","79.98 PKR","http://localhost:3001/products/fatty-brown-washing-soap","http://localhost:3000/uploads/products/88802a3a-bf0b-414c-ade3-a68534a94924.jpeg","M. Essa Chemicals","http://localhost:3000/uploads/products/28d38daa-11c3-46a3-92d1-0465b11a9990.jpeg","SKU-007","","","",""
"SKU-012-1BOTTLE","Glass Cleaner (Clean 360) - Pack: 1Bottle","""Redefining Cleanliness: Unmatched Clarity. Streaks Gone."" Restore complete visibility and crystalline reflection to your home with Clean 360 Glass Cleaner by M. Essa Chemicals. Engineered to act rapidly on hard-to-clean glass frames, it effortlessly dissolves stubborn grease films, fingerprints, smudge paths, and water drops. Its specialized anti-fogging shield guarantees a long-lasting clarity that elevates regular maintenance windows with minimal manual wiping.","in stock","new","200.00 PKR","http://localhost:3001/products/glass-cleaner-clean-360","http://localhost:3000/uploads/products/f1d3659c-e8a6-4841-b2ba-16dcad409431.jpeg","M. Essa Chemicals","http://localhost:3000/uploads/products/aa875cd4-2523-4a96-b0ef-537be7171948.jpeg","SKU-012","","","",""
"SKU-003-ROSE","Hand Wash - Flavour: Rose","""Refresh & Protect: Three Scents, One Powerful Defense — Antibacterial and Gentle"" Shield your family with the ultimate combination of protection and care using the M. Essa Chemical Hand Wash Collection. Specially engineered to offer premium antibacterial defense, this formula eliminates everyday pathogens on contact while nourishing your skin. Perfect for regular use, it keeps hands incredibly soft, smooth, and revitalized without causing dry patches or irritation. Long-Lasting Fine Fragrances: Offers a selection of premium, captivating aromatic variations that keep your hands feeling fresh for hours.","in stock","new","200.00 PKR","http://localhost:3001/products/test-product-2","http://localhost:3000/uploads/products/36c2d557-9508-46cb-8d9e-66a810432851.jpeg","M. Essa Chemicals","http://localhost:3000/uploads/products/53b7909a-1f92-453c-8f07-c0a2fd947036.jpeg,http://localhost:3000/uploads/products/a932129a-8228-405a-8a1f-d0570efec49c.jpeg,http://localhost:3000/uploads/products/674d9cf2-3297-4b76-9ebf-e2099ad96212.jpeg","SKU-003","","","",""
"SKU-003-CAMAY","Hand Wash - Flavour: Camay","""Refresh & Protect: Three Scents, One Powerful Defense — Antibacterial and Gentle"" Shield your family with the ultimate combination of protection and care using the M. Essa Chemical Hand Wash Collection. Specially engineered to offer premium antibacterial defense, this formula eliminates everyday pathogens on contact while nourishing your skin. Perfect for regular use, it keeps hands incredibly soft, smooth, and revitalized without causing dry patches or irritation. Long-Lasting Fine Fragrances: Offers a selection of premium, captivating aromatic variations that keep your hands feeling fresh for hours.","in stock","new","200.00 PKR","http://localhost:3001/products/test-product-2","http://localhost:3000/uploads/products/36c2d557-9508-46cb-8d9e-66a810432851.jpeg","M. Essa Chemicals","http://localhost:3000/uploads/products/53b7909a-1f92-453c-8f07-c0a2fd947036.jpeg,http://localhost:3000/uploads/products/a932129a-8228-405a-8a1f-d0570efec49c.jpeg,http://localhost:3000/uploads/products/674d9cf2-3297-4b76-9ebf-e2099ad96212.jpeg","SKU-003","","","",""
"SKU-003-BLUE","Hand Wash - Flavour: Blue","""Refresh & Protect: Three Scents, One Powerful Defense — Antibacterial and Gentle"" Shield your family with the ultimate combination of protection and care using the M. Essa Chemical Hand Wash Collection. Specially engineered to offer premium antibacterial defense, this formula eliminates everyday pathogens on contact while nourishing your skin. Perfect for regular use, it keeps hands incredibly soft, smooth, and revitalized without causing dry patches or irritation. Long-Lasting Fine Fragrances: Offers a selection of premium, captivating aromatic variations that keep your hands feeling fresh for hours.","in stock","new","200.00 PKR","http://localhost:3001/products/test-product-2","http://localhost:3000/uploads/products/36c2d557-9508-46cb-8d9e-66a810432851.jpeg","M. Essa Chemicals","http://localhost:3000/uploads/products/53b7909a-1f92-453c-8f07-c0a2fd947036.jpeg,http://localhost:3000/uploads/products/a932129a-8228-405a-8a1f-d0570efec49c.jpeg,http://localhost:3000/uploads/products/674d9cf2-3297-4b76-9ebf-e2099ad96212.jpeg","SKU-003","","","",""
"SKU-005-1PCS","Khaleej Washing Soap - Pack: 1Pcs","""Unbeatable Brightness, Captivating Scent — Discover the New Khaleej Special Soap."" Bring premium export quality into your daily laundry routine with Khaleej Special Soap. Formulated by M. Essa Chemicals, this premium soap bar pairs rigorous deep-cleaning power with an unforgettable, refreshing floral aroma. It actively targets fabric dullness, working deeply within threads to release trapped particles and restore an immaculate, bright-as-new look to your laundry.","in stock","new","50.00 PKR","http://localhost:3001/products/test-product-4","http://localhost:3000/uploads/products/e8c06101-66ec-4856-b5da-319ad1cc5169.jpeg","M. Essa Chemicals","http://localhost:3000/uploads/products/126ed68b-b033-4e1d-b75e-379587ed87f2.jpeg","SKU-005","","","",""
"SKU-006-1PCS","Misaal Washing Soap - Pack: 1Pcs","""Unmatched Cleaning Power — Discover the Misaal Horizontal Strength."" Set a new example of pure cleanliness with Misaal Laundry Soap. Crafted utilizing our signature high-density processing, this unique laundry bar provides unrivaled horizontal structural integrity, meaning it won't dissolve quickly or turn mushy in your soap dish. It works rapidly to strip grime away during bucket or hand washes, keeping your white linens crisp and colored garments completely striking.","in stock","new","60.00 PKR","http://localhost:3001/products/test-product-5","http://localhost:3000/uploads/products/ecde5d99-585d-470c-8f4f-37b0ecd7f6b6.jpeg","M. Essa Chemicals","http://localhost:3000/uploads/products/82d8decc-340d-44fe-80e7-ee9776cd9a54.jpeg","SKU-006","","","",""
"SKU-014-1BOTTLE","Panda Liquid Neel - Pack: 1Bottle","""Redefining Whiteness: The Liquid Neel Stronghold. For Sparkling Whiteness, Streaks Gone."" Revitalize your dull fabrics using Panda Liquid Neel by M. Essa Chemicals. This extra strong laundry blue treatment features an ultra-concentrated formula that safely counters fabric yellowing. It disperses evenly across deep water buckets to treat white school uniforms, linens, and cotton items, delivering a bright finish without leaving patchy blue streaks or color spots.","in stock","new","100.00 PKR","http://localhost:3001/products/panda-liquid-neel","http://localhost:3000/uploads/products/66da266a-d52b-46da-a138-77ad84696bef.jpeg","M. Essa Chemicals","http://localhost:3000/uploads/products/ebd5d91b-44db-4d5d-80f1-a5c82ddcf14a.jpeg","SKU-014","","","",""
"SKU-013-ROSE-3LTR","Panda Perfume Phenyl - Flavour: Rose • Weight: 3Ltr","""Sparkling Deep Cleaning Power — Ultimate Antibacterial Surface Protection"" Protect your home and restore absolute clarity to your living space with Panda Perfume Phenyl by M. Essa Chemicals. This advanced cross-functional disinfectant floor wash cuts through thick grease tracks, dirt films, and sticky residues while wiping away hidden pathogens on contact. Ideal for marble, tile, and stone surfaces, it leaves behind a streak-free gloss and an amazing premium scent.","in stock","new","370.00 PKR","http://localhost:3001/products/panda-perfume-phenyl","http://localhost:3000/uploads/products/85d40ec1-22b4-41b3-b485-ce02a3f10a7b.jpeg","M. Essa Chemicals","http://localhost:3000/uploads/products/5842750a-7a23-4618-aa15-28086e2637bf.jpeg,http://localhost:3000/uploads/products/1f919fca-d879-4996-80db-e9bbe547077d.jpeg,http://localhost:3000/uploads/products/866417a2-d561-4693-b4dc-de449ed6cce8.jpeg,http://localhost:3000/uploads/products/01445165-2334-4ed3-ad6e-328174e601f5.jpeg","SKU-013","","","",""
"SKU-013-LEVANDER-3LTR","Panda Perfume Phenyl - Flavour: Levander • Weight: 3Ltr","""Sparkling Deep Cleaning Power — Ultimate Antibacterial Surface Protection"" Protect your home and restore absolute clarity to your living space with Panda Perfume Phenyl by M. Essa Chemicals. This advanced cross-functional disinfectant floor wash cuts through thick grease tracks, dirt films, and sticky residues while wiping away hidden pathogens on contact. Ideal for marble, tile, and stone surfaces, it leaves behind a streak-free gloss and an amazing premium scent.","in stock","new","370.00 PKR","http://localhost:3001/products/panda-perfume-phenyl","http://localhost:3000/uploads/products/85d40ec1-22b4-41b3-b485-ce02a3f10a7b.jpeg","M. Essa Chemicals","http://localhost:3000/uploads/products/5842750a-7a23-4618-aa15-28086e2637bf.jpeg,http://localhost:3000/uploads/products/1f919fca-d879-4996-80db-e9bbe547077d.jpeg,http://localhost:3000/uploads/products/866417a2-d561-4693-b4dc-de449ed6cce8.jpeg,http://localhost:3000/uploads/products/01445165-2334-4ed3-ad6e-328174e601f5.jpeg","SKU-013","","","",""
"SKU-013-WHITE-3LTR","Panda Perfume Phenyl - Flavour: White • Weight: 3Ltr","""Sparkling Deep Cleaning Power — Ultimate Antibacterial Surface Protection"" Protect your home and restore absolute clarity to your living space with Panda Perfume Phenyl by M. Essa Chemicals. This advanced cross-functional disinfectant floor wash cuts through thick grease tracks, dirt films, and sticky residues while wiping away hidden pathogens on contact. Ideal for marble, tile, and stone surfaces, it leaves behind a streak-free gloss and an amazing premium scent.","in stock","new","370.00 PKR","http://localhost:3001/products/panda-perfume-phenyl","http://localhost:3000/uploads/products/85d40ec1-22b4-41b3-b485-ce02a3f10a7b.jpeg","M. Essa Chemicals","http://localhost:3000/uploads/products/5842750a-7a23-4618-aa15-28086e2637bf.jpeg,http://localhost:3000/uploads/products/1f919fca-d879-4996-80db-e9bbe547077d.jpeg,http://localhost:3000/uploads/products/866417a2-d561-4693-b4dc-de449ed6cce8.jpeg,http://localhost:3000/uploads/products/01445165-2334-4ed3-ad6e-328174e601f5.jpeg","SKU-013","","","",""
"SKU-013-JASMINE-3LTR","Panda Perfume Phenyl - Flavour: Jasmine • Weight: 3Ltr","""Sparkling Deep Cleaning Power — Ultimate Antibacterial Surface Protection"" Protect your home and restore absolute clarity to your living space with Panda Perfume Phenyl by M. Essa Chemicals. This advanced cross-functional disinfectant floor wash cuts through thick grease tracks, dirt films, and sticky residues while wiping away hidden pathogens on contact. Ideal for marble, tile, and stone surfaces, it leaves behind a streak-free gloss and an amazing premium scent.","in stock","new","370.00 PKR","http://localhost:3001/products/panda-perfume-phenyl","http://localhost:3000/uploads/products/85d40ec1-22b4-41b3-b485-ce02a3f10a7b.jpeg","M. Essa Chemicals","http://localhost:3000/uploads/products/5842750a-7a23-4618-aa15-28086e2637bf.jpeg,http://localhost:3000/uploads/products/1f919fca-d879-4996-80db-e9bbe547077d.jpeg,http://localhost:3000/uploads/products/866417a2-d561-4693-b4dc-de449ed6cce8.jpeg,http://localhost:3000/uploads/products/01445165-2334-4ed3-ad6e-328174e601f5.jpeg","SKU-013","","","",""
"SKU-008-ROSE","Perfume Phenyl - Flavour: Rose","""Scent Your Sanctuary: Unlock Your Bathroom’s True Fragrance"" Transform your home environment with the premium Perfume Phenyl Collection by M. Essa Chemicals. Specially crafted to target tough bathroom odors, dampness, and surface grime, this advanced multi-surface formula goes beyond standard cleaning to deeply sanitize your floors while infusing the air with an exquisite, long-lasting luxury fragrance. Perfect for marble, ceramic tiles, and washroom surfaces, it gives you a pristine clean you can see and a refreshing aroma you can instantly feel.","in stock","new","120.00 PKR","http://localhost:3001/products/perfume-phenyl","http://localhost:3000/uploads/products/71451c33-cbd4-4a30-83b5-3f4145a8d49a.jpeg","M. Essa Chemicals","http://localhost:3000/uploads/products/38351eab-c533-4155-88e5-c3cb12ba13fa.jpeg,http://localhost:3000/uploads/products/edba298e-061d-4caf-891d-88f95b3b6e9d.jpeg,http://localhost:3000/uploads/products/61521d6d-9278-4e54-a574-7d51fa91c4f8.jpeg","SKU-008","","","",""
"SKU-008-LEVANDER","Perfume Phenyl - Flavour: Levander","""Scent Your Sanctuary: Unlock Your Bathroom’s True Fragrance"" Transform your home environment with the premium Perfume Phenyl Collection by M. Essa Chemicals. Specially crafted to target tough bathroom odors, dampness, and surface grime, this advanced multi-surface formula goes beyond standard cleaning to deeply sanitize your floors while infusing the air with an exquisite, long-lasting luxury fragrance. Perfect for marble, ceramic tiles, and washroom surfaces, it gives you a pristine clean you can see and a refreshing aroma you can instantly feel.","in stock","new","120.00 PKR","http://localhost:3001/products/perfume-phenyl","http://localhost:3000/uploads/products/71451c33-cbd4-4a30-83b5-3f4145a8d49a.jpeg","M. Essa Chemicals","http://localhost:3000/uploads/products/38351eab-c533-4155-88e5-c3cb12ba13fa.jpeg,http://localhost:3000/uploads/products/edba298e-061d-4caf-891d-88f95b3b6e9d.jpeg,http://localhost:3000/uploads/products/61521d6d-9278-4e54-a574-7d51fa91c4f8.jpeg","SKU-008","","","",""
"SKU-008-WHITE","Perfume Phenyl - Flavour: White","""Scent Your Sanctuary: Unlock Your Bathroom’s True Fragrance"" Transform your home environment with the premium Perfume Phenyl Collection by M. Essa Chemicals. Specially crafted to target tough bathroom odors, dampness, and surface grime, this advanced multi-surface formula goes beyond standard cleaning to deeply sanitize your floors while infusing the air with an exquisite, long-lasting luxury fragrance. Perfect for marble, ceramic tiles, and washroom surfaces, it gives you a pristine clean you can see and a refreshing aroma you can instantly feel.","in stock","new","120.00 PKR","http://localhost:3001/products/perfume-phenyl","http://localhost:3000/uploads/products/71451c33-cbd4-4a30-83b5-3f4145a8d49a.jpeg","M. Essa Chemicals","http://localhost:3000/uploads/products/38351eab-c533-4155-88e5-c3cb12ba13fa.jpeg,http://localhost:3000/uploads/products/edba298e-061d-4caf-891d-88f95b3b6e9d.jpeg,http://localhost:3000/uploads/products/61521d6d-9278-4e54-a574-7d51fa91c4f8.jpeg","SKU-008","","","",""
"SKU-019-SMALL","Super Sony Dish Wash Soap - Pack: Small","""Redefining Kitchen Hygiene: The Super Sony Stronghold"" Bring unmatched grease-cutting power to your kitchen with the Super Sony Lemon Dishwash Bar. Formulated by M. Essa Chemicals, this highly effective dishwashing bar cuts through stubborn oil, baked-on grease, and tough food residues instantly, ensuring your plates and cookware shine brighter. Packed with natural citrus properties, it thoroughly sanitizes your dishes while remaining completely gentle on your hands.","in stock","new","20.00 PKR","http://localhost:3001/products/super-sony","http://localhost:3000/uploads/products/f75f64db-05ba-4ef6-82b6-855acf3a2e68.jpeg","M. Essa Chemicals","http://localhost:3000/uploads/products/b02cb0cb-2939-47b3-a126-60dcc2dac186.jpeg,http://localhost:3000/uploads/products/f7768c74-fe25-4c4c-b389-7dbff39a9806.jpeg","SKU-019","","","",""
"SKU-019-LONG-BAR","Super Sony Dish Wash Soap - Pack: Long Bar","""Redefining Kitchen Hygiene: The Super Sony Stronghold"" Bring unmatched grease-cutting power to your kitchen with the Super Sony Lemon Dishwash Bar. Formulated by M. Essa Chemicals, this highly effective dishwashing bar cuts through stubborn oil, baked-on grease, and tough food residues instantly, ensuring your plates and cookware shine brighter. Packed with natural citrus properties, it thoroughly sanitizes your dishes while remaining completely gentle on your hands.","in stock","new","50.00 PKR","http://localhost:3001/products/super-sony","http://localhost:3000/uploads/products/f75f64db-05ba-4ef6-82b6-855acf3a2e68.jpeg","M. Essa Chemicals","http://localhost:3000/uploads/products/b02cb0cb-2939-47b3-a126-60dcc2dac186.jpeg,http://localhost:3000/uploads/products/f7768c74-fe25-4c4c-b389-7dbff39a9806.jpeg","SKU-019","","","",""
"SKU-017-2LTR","Sweep-o Floor & Tile Cleaner - Weight: 2Ltr","""Powerful Formula, Redefined Clean — From Floor to Drain: Your Complete Solution"" Simplify your home maintenance with Clean 360 Sweep-O by M. Essa Chemicals. This advanced, heavy-duty liquid agent functions as an all-in-one tile and floor cleaner, toilet sanitizer, and powerful drain opener. It dissolves tough organic blockages in your pipes while cutting through thick grout stains and floor grime, delivering deep disinfection and a sparkling finish wherever it is applied.","in stock","new","159.00 PKR","http://localhost:3001/products/sweep-o-floor-tile-cleaner","http://localhost:3000/uploads/products/0c2e39fe-26c3-416f-8cd0-72747aa624be.jpeg","M. Essa Chemicals","http://localhost:3000/uploads/products/9dfb637c-8990-4732-8746-6c5f754c10d9.jpeg","SKU-017","","","",""
"SKU-002-PACK-OF-3","Tibet Deluxe Beauty Soap - Pack: Pack of 3","""Tibet Deluxe — Classic Care, Extra Creamy Fragrance"" Classic care with an extra creamy fragrance! Enriched with deep-moisturizing agents to leave your skin soft, smooth, and refreshed all day long.Give your skin the time-tested nourishing care it truly deserves. Tibet Deluxe Beauty Soap features a signature extra creamy formula that gently cleanses without stripping away your skin’s natural moisture. Specially crafted for daily use, its rich lather and luxurious, timeless fragrance keep you feeling crisp, clean, and completely rejuvenated after every wash.","in stock","new","80.00 PKR","http://localhost:3001/products/test-product-1","http://localhost:3000/uploads/products/905c572b-3817-46d5-a6a9-5fdd0b8de7e9.jpeg","M. Essa Chemicals","http://localhost:3000/uploads/products/f71e8fc7-e121-4340-b9a0-2f97acb35e1f.jpeg","SKU-002","","","",""
"SKU-010-1-5LTR","Tile Wash - Weight: 1.5Ltr","""Strong Tile Wash Power! Antibacterial, Removes Stains, Deep Disinfect Action"" Restore the pristine, sparkling look of your floors and walls with M. Essa Chemicals Tile Wash. This heavy-duty, high-performance cleaning solution targets deeply embedded dirt, grease, and discoloration on tiled surfaces. Perfect for bathrooms, kitchens, and living areas, its defensive antibacterial formula purifies surfaces to keep your home healthy, germ-free, and immaculately bright.","in stock","new","80.00 PKR","http://localhost:3001/products/tile-wash","http://localhost:3000/uploads/products/e2efe486-c41b-4700-879c-f2debc87b3fd.jpeg","M. Essa Chemicals","http://localhost:3000/uploads/products/1e757918-a026-4b58-ae83-fbed6eb6e19b.jpeg","SKU-010","","","",""
"SKU-009-1-5LTR","Toilet Bowl Cleaner - Weight: 1.5Ltr","""Thick Power Gel: Kills Germs, Removes Rust, No Unpleasant Smell"" Keep your bathroom spotless and thoroughly sanitized with M. Essa Chemicals Toilet Bowl Cleaner. Engineered with an advanced Thick Power Gel formula, it clings strongly to vertical porcelain surfaces to break down stubborn scale and stains without scrubbing. Unlike harsh alternatives, it sanitizes completely while eliminating bad odors, leaving behind a completely fresh, clean atmosphere.","in stock","new","200.00 PKR","http://localhost:3001/products/toilet-bowl-cleaner","http://localhost:3000/uploads/products/70986ee9-fdb9-43f1-9cf6-0d6e61250ca8.jpeg","M. Essa Chemicals","http://localhost:3000/uploads/products/12d4e364-6d9e-467f-b079-a6a36d129c92.jpeg","SKU-009","","","",""
"SKU-004-PINK-LILY-SMALL","Viva Beauty Soap - Flavour: Pink Lily • Pack: Small","""Unveil Your Natural Glow — Ultra Creamy Complexion Care"" Indulge in the luxurious care of Viva Beauty Soap. Formulated to provide deep structural hydration, this premium beauty bar builds into a rich, creamy lather that gently purifies without stripping away your skin's essential protective oils. Infused with a delicate, captivating fragrance, it transforms your daily routine into a refreshing spa-like experience.","in stock","new","50.00 PKR","http://localhost:3001/products/test-product-3","http://localhost:3000/uploads/products/eea4ad2d-e2e2-4c52-9ba9-9177c9d5a314.jpeg","M. Essa Chemicals","http://localhost:3000/uploads/products/20d73cc9-19d1-4a71-87b0-5e2c6effba46.jpeg,http://localhost:3000/uploads/products/32f9933d-55ed-4d1b-ab48-2a2b109fada7.jpeg,http://localhost:3000/uploads/products/d9ac872c-403e-4d37-83a9-b3ea0fb66368.jpeg,http://localhost:3000/uploads/products/124af3bb-9b89-4704-b707-c24e39c6b4ce.jpeg,http://localhost:3000/uploads/products/6d5b97c9-1585-44a1-8d77-6ae16f7a74b9.jpeg","SKU-004","","","",""
"SKU-004-PINK-LILY-LARGE","Viva Beauty Soap - Flavour: Pink Lily • Pack: Large","""Unveil Your Natural Glow — Ultra Creamy Complexion Care"" Indulge in the luxurious care of Viva Beauty Soap. Formulated to provide deep structural hydration, this premium beauty bar builds into a rich, creamy lather that gently purifies without stripping away your skin's essential protective oils. Infused with a delicate, captivating fragrance, it transforms your daily routine into a refreshing spa-like experience.","in stock","new","100.00 PKR","http://localhost:3001/products/test-product-3","http://localhost:3000/uploads/products/eea4ad2d-e2e2-4c52-9ba9-9177c9d5a314.jpeg","M. Essa Chemicals","http://localhost:3000/uploads/products/20d73cc9-19d1-4a71-87b0-5e2c6effba46.jpeg,http://localhost:3000/uploads/products/32f9933d-55ed-4d1b-ab48-2a2b109fada7.jpeg,http://localhost:3000/uploads/products/d9ac872c-403e-4d37-83a9-b3ea0fb66368.jpeg,http://localhost:3000/uploads/products/124af3bb-9b89-4704-b707-c24e39c6b4ce.jpeg,http://localhost:3000/uploads/products/6d5b97c9-1585-44a1-8d77-6ae16f7a74b9.jpeg","SKU-004","","","",""
"SKU-004-CUCUMBER-SMALL","Viva Beauty Soap - Flavour: Cucumber • Pack: Small","""Unveil Your Natural Glow — Ultra Creamy Complexion Care"" Indulge in the luxurious care of Viva Beauty Soap. Formulated to provide deep structural hydration, this premium beauty bar builds into a rich, creamy lather that gently purifies without stripping away your skin's essential protective oils. Infused with a delicate, captivating fragrance, it transforms your daily routine into a refreshing spa-like experience.","in stock","new","50.00 PKR","http://localhost:3001/products/test-product-3","http://localhost:3000/uploads/products/eea4ad2d-e2e2-4c52-9ba9-9177c9d5a314.jpeg","M. Essa Chemicals","http://localhost:3000/uploads/products/20d73cc9-19d1-4a71-87b0-5e2c6effba46.jpeg,http://localhost:3000/uploads/products/32f9933d-55ed-4d1b-ab48-2a2b109fada7.jpeg,http://localhost:3000/uploads/products/d9ac872c-403e-4d37-83a9-b3ea0fb66368.jpeg,http://localhost:3000/uploads/products/124af3bb-9b89-4704-b707-c24e39c6b4ce.jpeg,http://localhost:3000/uploads/products/6d5b97c9-1585-44a1-8d77-6ae16f7a74b9.jpeg","SKU-004","","","",""
"SKU-004-CUCUMBER-LARGE","Viva Beauty Soap - Flavour: Cucumber • Pack: Large","""Unveil Your Natural Glow — Ultra Creamy Complexion Care"" Indulge in the luxurious care of Viva Beauty Soap. Formulated to provide deep structural hydration, this premium beauty bar builds into a rich, creamy lather that gently purifies without stripping away your skin's essential protective oils. Infused with a delicate, captivating fragrance, it transforms your daily routine into a refreshing spa-like experience.","in stock","new","100.00 PKR","http://localhost:3001/products/test-product-3","http://localhost:3000/uploads/products/eea4ad2d-e2e2-4c52-9ba9-9177c9d5a314.jpeg","M. Essa Chemicals","http://localhost:3000/uploads/products/20d73cc9-19d1-4a71-87b0-5e2c6effba46.jpeg,http://localhost:3000/uploads/products/32f9933d-55ed-4d1b-ab48-2a2b109fada7.jpeg,http://localhost:3000/uploads/products/d9ac872c-403e-4d37-83a9-b3ea0fb66368.jpeg,http://localhost:3000/uploads/products/124af3bb-9b89-4704-b707-c24e39c6b4ce.jpeg,http://localhost:3000/uploads/products/6d5b97c9-1585-44a1-8d77-6ae16f7a74b9.jpeg","SKU-004","","","",""
"SKU-004-ORCHID-SMALL","Viva Beauty Soap - Flavour: Orchid • Pack: Small","""Unveil Your Natural Glow — Ultra Creamy Complexion Care"" Indulge in the luxurious care of Viva Beauty Soap. Formulated to provide deep structural hydration, this premium beauty bar builds into a rich, creamy lather that gently purifies without stripping away your skin's essential protective oils. Infused with a delicate, captivating fragrance, it transforms your daily routine into a refreshing spa-like experience.","in stock","new","50.00 PKR","http://localhost:3001/products/test-product-3","http://localhost:3000/uploads/products/eea4ad2d-e2e2-4c52-9ba9-9177c9d5a314.jpeg","M. Essa Chemicals","http://localhost:3000/uploads/products/20d73cc9-19d1-4a71-87b0-5e2c6effba46.jpeg,http://localhost:3000/uploads/products/32f9933d-55ed-4d1b-ab48-2a2b109fada7.jpeg,http://localhost:3000/uploads/products/d9ac872c-403e-4d37-83a9-b3ea0fb66368.jpeg,http://localhost:3000/uploads/products/124af3bb-9b89-4704-b707-c24e39c6b4ce.jpeg,http://localhost:3000/uploads/products/6d5b97c9-1585-44a1-8d77-6ae16f7a74b9.jpeg","SKU-004","","","",""
"SKU-004-ORCHID-LARGE","Viva Beauty Soap - Flavour: Orchid • Pack: Large","""Unveil Your Natural Glow — Ultra Creamy Complexion Care"" Indulge in the luxurious care of Viva Beauty Soap. Formulated to provide deep structural hydration, this premium beauty bar builds into a rich, creamy lather that gently purifies without stripping away your skin's essential protective oils. Infused with a delicate, captivating fragrance, it transforms your daily routine into a refreshing spa-like experience.","in stock","new","100.00 PKR","http://localhost:3001/products/test-product-3","http://localhost:3000/uploads/products/eea4ad2d-e2e2-4c52-9ba9-9177c9d5a314.jpeg","M. Essa Chemicals","http://localhost:3000/uploads/products/20d73cc9-19d1-4a71-87b0-5e2c6effba46.jpeg,http://localhost:3000/uploads/products/32f9933d-55ed-4d1b-ab48-2a2b109fada7.jpeg,http://localhost:3000/uploads/products/d9ac872c-403e-4d37-83a9-b3ea0fb66368.jpeg,http://localhost:3000/uploads/products/124af3bb-9b89-4704-b707-c24e39c6b4ce.jpeg,http://localhost:3000/uploads/products/6d5b97c9-1585-44a1-8d77-6ae16f7a74b9.jpeg","SKU-004","","","",""
"SKU-004-WHITE-ROSE-SMALL","Viva Beauty Soap - Flavour: White Rose • Pack: Small","""Unveil Your Natural Glow — Ultra Creamy Complexion Care"" Indulge in the luxurious care of Viva Beauty Soap. Formulated to provide deep structural hydration, this premium beauty bar builds into a rich, creamy lather that gently purifies without stripping away your skin's essential protective oils. Infused with a delicate, captivating fragrance, it transforms your daily routine into a refreshing spa-like experience.","in stock","new","50.00 PKR","http://localhost:3001/products/test-product-3","http://localhost:3000/uploads/products/eea4ad2d-e2e2-4c52-9ba9-9177c9d5a314.jpeg","M. Essa Chemicals","http://localhost:3000/uploads/products/20d73cc9-19d1-4a71-87b0-5e2c6effba46.jpeg,http://localhost:3000/uploads/products/32f9933d-55ed-4d1b-ab48-2a2b109fada7.jpeg,http://localhost:3000/uploads/products/d9ac872c-403e-4d37-83a9-b3ea0fb66368.jpeg,http://localhost:3000/uploads/products/124af3bb-9b89-4704-b707-c24e39c6b4ce.jpeg,http://localhost:3000/uploads/products/6d5b97c9-1585-44a1-8d77-6ae16f7a74b9.jpeg","SKU-004","","","",""
"SKU-004-WHITE-ROSE-LARGE","Viva Beauty Soap - Flavour: White Rose • Pack: Large","""Unveil Your Natural Glow — Ultra Creamy Complexion Care"" Indulge in the luxurious care of Viva Beauty Soap. Formulated to provide deep structural hydration, this premium beauty bar builds into a rich, creamy lather that gently purifies without stripping away your skin's essential protective oils. Infused with a delicate, captivating fragrance, it transforms your daily routine into a refreshing spa-like experience.","in stock","new","100.00 PKR","http://localhost:3001/products/test-product-3","http://localhost:3000/uploads/products/eea4ad2d-e2e2-4c52-9ba9-9177c9d5a314.jpeg","M. Essa Chemicals","http://localhost:3000/uploads/products/20d73cc9-19d1-4a71-87b0-5e2c6effba46.jpeg,http://localhost:3000/uploads/products/32f9933d-55ed-4d1b-ab48-2a2b109fada7.jpeg,http://localhost:3000/uploads/products/d9ac872c-403e-4d37-83a9-b3ea0fb66368.jpeg,http://localhost:3000/uploads/products/124af3bb-9b89-4704-b707-c24e39c6b4ce.jpeg,http://localhost:3000/uploads/products/6d5b97c9-1585-44a1-8d77-6ae16f7a74b9.jpeg","SKU-004","","","",""
"SKU-004-HONEY-ALMOND-SMALL","Viva Beauty Soap - Flavour: Honey almond • Pack: Small","""Unveil Your Natural Glow — Ultra Creamy Complexion Care"" Indulge in the luxurious care of Viva Beauty Soap. Formulated to provide deep structural hydration, this premium beauty bar builds into a rich, creamy lather that gently purifies without stripping away your skin's essential protective oils. Infused with a delicate, captivating fragrance, it transforms your daily routine into a refreshing spa-like experience.","in stock","new","50.00 PKR","http://localhost:3001/products/test-product-3","http://localhost:3000/uploads/products/eea4ad2d-e2e2-4c52-9ba9-9177c9d5a314.jpeg","M. Essa Chemicals","http://localhost:3000/uploads/products/20d73cc9-19d1-4a71-87b0-5e2c6effba46.jpeg,http://localhost:3000/uploads/products/32f9933d-55ed-4d1b-ab48-2a2b109fada7.jpeg,http://localhost:3000/uploads/products/d9ac872c-403e-4d37-83a9-b3ea0fb66368.jpeg,http://localhost:3000/uploads/products/124af3bb-9b89-4704-b707-c24e39c6b4ce.jpeg,http://localhost:3000/uploads/products/6d5b97c9-1585-44a1-8d77-6ae16f7a74b9.jpeg","SKU-004","","","",""
"SKU-004-HONEY-ALMOND-LARGE","Viva Beauty Soap - Flavour: Honey almond • Pack: Large","""Unveil Your Natural Glow — Ultra Creamy Complexion Care"" Indulge in the luxurious care of Viva Beauty Soap. Formulated to provide deep structural hydration, this premium beauty bar builds into a rich, creamy lather that gently purifies without stripping away your skin's essential protective oils. Infused with a delicate, captivating fragrance, it transforms your daily routine into a refreshing spa-like experience.","in stock","new","100.00 PKR","http://localhost:3001/products/test-product-3","http://localhost:3000/uploads/products/eea4ad2d-e2e2-4c52-9ba9-9177c9d5a314.jpeg","M. Essa Chemicals","http://localhost:3000/uploads/products/20d73cc9-19d1-4a71-87b0-5e2c6effba46.jpeg,http://localhost:3000/uploads/products/32f9933d-55ed-4d1b-ab48-2a2b109fada7.jpeg,http://localhost:3000/uploads/products/d9ac872c-403e-4d37-83a9-b3ea0fb66368.jpeg,http://localhost:3000/uploads/products/124af3bb-9b89-4704-b707-c24e39c6b4ce.jpeg,http://localhost:3000/uploads/products/6d5b97c9-1585-44a1-8d77-6ae16f7a74b9.jpeg","SKU-004","","","",""
"SKU-015-1PCS","Warrior Cockroach Killer Gel - Pack: 1Pcs","One Consumes, All Eliminate — Fast and Guaranteed Eradication!"" The ultimate defense against cockroaches! An advanced domino-effect formula engineered for rapid elimination and complete eradication of pests from their nests. Are you tired of persistent cockroach infestations disrupting your kitchen and home? M. Essa Chemicals introduces Warrior Cockroach Killer Gel, your premium line of defense against stubborn pests. This high-efficacy gel contains an advanced attractant formula that draws cockroaches out from their deepest hiding spots. Once a single cockroach consumes the gel, it carries the active ingredient back to the nest, destroying the entire colony through a powerful chain reaction.","in stock","new","100.00 PKR","http://localhost:3001/products/cockroach-killer","http://localhost:3000/uploads/products/251a93d2-b237-4bee-bdb3-07da60c6d035.jpeg","M. Essa Chemicals","http://localhost:3000/uploads/products/3bbd6059-9dcb-4a47-9725-8abe84286714.jpeg","SKU-015","","","",""
